Bebidas de fruta,Chiles,Conservas,Fruta en almibar,Productos del mar,Sopas y Cremas,Legumbres,Pure y pasta de tomate,Aderezos,Salsas y condimentos,Postres
Campbell´s,La Costeña,La Costeña,La Costeña,La Torre,Barilla,Alimentos San Miguel,La Costeña,La Costeña,Barilla,La Costeña
Jumex,La Torre,La Torre,La Torre,San Carlos,Campbell´s,La Costeña,San Miguel,San Miguel,La Costeña,McCormick
Coca Cola,FARO,FARO,FARO,FARO,La Costeña,La Torre,Herdez,Herdez,La Torre,
Roseta,San Marcos,San Marcos,San Marcos,Herdez,San Miguel,FARO,SABORMEX,McCormick,Chiligrin,
Herdez,San Miguel,San Miguel,San Miguel,grupomar,Unilever,San Marcos,Saporis,SABORMEX,El Yucateco,
Jugomex,Herdez,Herdez,Herdez,PINSA,,San Miguel,,Saporis,FARO,
Del Valle,La Morena,La Morena,La Morena,PROCESA,,Herdez,,Unilever,San Marcos,
SABORMEX,SABORMEX,SABORMEX,SABORMEX,,,Hongos de México,,,Escosa,
Valle Redondo,,,Santa Monica,,,SABORMEX,,,San Miguel,
,,,,,,Grupo alimentario MX,,,Herdez,
,,,,,,Verde Valle,,,La Guacamaya,
,,,,,,,,,McCormick,
,,,,,,,,,La Morena,
,,,,,,,,,LOL-TUN,
,,,,,,,,,Terana,
,,,,,,,,,SABORMEX,
,,,,,,,,,Saporis,
,,,,,,,,,Verde Valle,
